[
  {
    "id": "0506c73e-5537-d1ea-7315-c9343434554e3346",
    "guest": "New Booking",
    "image": "",
    "room_type": "Double Bed",
    "check_in": "2023-05-01",
    "check_out": "2023-05-01",
    "order_date": "2023-05-01",
    "special_request": " Lorem ipsum dolor sit amet consectetur adipisicing elit. Cupiditate rem perferendis nobis deleniti laborum nesciunt a porro laboriosam temporibus sint.",
    "status": "Check In",
    "room_number": 10,
    "color": "",
    "bgColor": ""
  },
  {
    "guest": "New Booking Test 2",
    "image": "",
    "room_type": "Double Bed",
    "check_in": "2023-05-01",
    "check_out": "2023-05-01",
    "order_date": "2023-05-01",
    "special_request": " Lorem ipsum dolor sit amet consectetur adipisicing elit. Cupiditate rem perferendis nobis deleniti laborum nesciunt a porro laboriosam temporibus sint.",
    "status": "Check In",
    "room_number": 10,
    "color": "",
    "bgColor": "",
    "id": "e2b24c0c-7e0e-74ae-27d7-d1846369e287"
  },
  {
    "id": "asfsdfkjsdfjdf",
    "guest": "Carlitos",
    "image": "",
    "room_type": "Double Bed",
    "check_in": "2023-05-01",
    "check_out": "2023-05-01",
    "order_date": "2023-05-01",
    "special_request": " Lorem ipsum dolor sit amet consectetur adipisicing elit. Cupiditate rem perferendis nobis deleniti laborum nesciunt a porro laboriosam temporibus sint.",
    "status": "Check In",
    "room_number": 10,
    "color": "",
    "bgColor": ""
  },
  {
    "guest": "New Booking Test 3",
    "image": "",
    "room_type": "Double Bed",
    "check_in": "2023-05-01",
    "check_out": "2023-05-01",
    "order_date": "2023-05-01",
    "special_request": " Lorem ipsum dolor sit amet consectetur adipisicing elit. Cupiditate rem perferendis nobis deleniti laborum nesciunt a porro laboriosam temporibus sint.",
    "status": "Check In",
    "room_number": 10,
    "color": "",
    "bgColor": ""
  },
  {
    "guest": "New Booking Test 5",
    "image": "",
    "room_type": "Double Bed",
    "check_in": "2023-05-01",
    "check_out": "2023-05-01",
    "order_date": "2023-05-01",
    "special_request": " Lorem ipsum dolor sit amet consectetur adipisicing elit. Cupiditate rem perferendis nobis deleniti laborum nesciunt a porro laboriosam temporibus sint.",
    "status": "Check In",
    "room_number": 10,
    "color": "",
    "bgColor": "",
    "id": "1dbceb0e-bc23-49cf-899c-b417aa37fa2c"
  }
]
